{"stat.chestOpened":1,"stat.pickup.techguns.itemshared":3,"stat.walkOneCm":31587,"stat.leaveGame":1,"stat.damageTaken":40,"stat.pickup.minecraft.leather":5,"stat.useItem.flammpfeil.slashblade.slashbladewrapper":34,"stat.furnaceInteraction":1,"stat.killEntity.techguns.ZombieMiner":3,"stat.mobKills":24,"stat.pickup.minecraft.cobblestone":5,"stat.mineBlock.minecraft.log":1,"stat.killEntity.Creeper":1,"stat.craftItem.techguns.rocketlauncher":1,"stat.pickup.minecraft.log":1,"stat.flyOneCm":174263,"stat.jump":110,"stat.swimOneCm":2530,"stat.playOneMinute":19931,"stat.pickup.minecraft.coal":1,"stat.fallOneCm":1724,"stat.climbOneCm":405,"stat.pickup.minecraft.iron_ingot":2,"stat.pickup.minecraft.beef":6,"stat.pickup.minecraft.iron_pickaxe":1,"stat.killEntity.Sheep":2,"stat.sneakTime":74,"stat.pickup.minecraft.wool":1,"stat.damageDealt":800,"stat.pickup.minecraft.gunpowder":1,"stat.pickup.minecraft.porkchop":8,"stat.timeSinceDeath":19931,"stat.killEntity.Cow":4,"stat.sprintOneCm":23222,"stat.killEntity.Pig":13,"stat.pickup.minecraft.mutton":2,"stat.diveOneCm":2079}