{"stat.chestOpened":1,"stat.pickup.minecraft.log":1,"stat.flyOneCm":69302,"stat.walkOneCm":7393,"stat.jump":78,"stat.swimOneCm":813,"stat.playOneMinute":7331,"stat.fallOneCm":1724,"stat.climbOneCm":405,"stat.killEntity.Sheep":1,"stat.leaveGame":1,"stat.sneakTime":8,"stat.pickup.minecraft.wool":1,"stat.damageTaken":40,"stat.damageDealt":80,"stat.furnaceInteraction":1,"stat.timeSinceDeath":7331,"stat.sprintOneCm":11828,"stat.mobKills":1,"stat.mineBlock.minecraft.log":1,"stat.pickup.minecraft.mutton":2}